
  [
    {"id":1,"country_id":1,"stateCode":"BDS","stateName":"Badakhshan","capital":"Fayzabad","slug":"badakhshan"},
    {"id":2,"country_id":1,"stateCode":"BDG","stateName":"Badghis","capital":"Qala i Naw","slug":"badghis"},
    {"id":3,"country_id":1,"stateCode":"BGL","stateName":"Baghlan","capital":"Pul-e-Khumri","slug":"baghlan"},
    {"id":4,"country_id":1,"stateCode":"BAL","stateName":"Balkh","capital":"Mazar-i-Sharif","slug":"balkh"},
    {"id":5,"country_id":1,"stateCode":"BAM","stateName":"Bamyan","capital":"Bamyan","slug":"bamyan"},
    {"id":6,"country_id":1,"stateCode":"DAY","stateName":"Daykundi","capital":"Nili","slug":"daykundi"},
    {"id":7,"country_id":1,"stateCode":"FRA","stateName":"Farah","capital":"Farah","slug":"farah"},
    {"id":8,"country_id":1,"stateCode":"FYB","stateName":"Faryab","capital":"Maymana","slug":"faryab"},
    {"id":9,"country_id":1,"stateCode":"GHA","stateName":"Ghazni","capital":"Ghazni","slug":"ghazni"},
    {"id":10,"country_id":1,"stateCode":"GHO","stateName":"Ghor","capital":"Chaghcharan","slug":"ghor"},
    {"id":11,"country_id":1,"stateCode":"HEL","stateName":"Helmand","capital":"Lashkar Gah","slug":"helmand"},
    {"id":12,"country_id":1,"stateCode":"HER","stateName":"Herat","capital":"Herat","slug":"herat"},
    {"id":13,"country_id":1,"stateCode":"JOW","stateName":"Jowzjan","capital":"Sheberghan","slug":"jowzjan"},
    {"id":14,"country_id":1,"stateCode":"KAB","stateName":"Kabul","capital":"Kabul","slug":"kabul"},
    {"id":15,"country_id":1,"stateCode":"KAN","stateName":"Kandahar","capital":"Kandahar","slug":"kandahar"},
    {"id":16,"country_id":1,"stateCode":"KAP","stateName":"Kapisa","capital":"Mahmud-e-Raqi","slug":"kapisa"},
    {"id":17,"country_id":1,"stateCode":"KHO","stateName":"Khost","capital":"Khost","slug":"khost"},
    {"id":18,"country_id":1,"stateCode":"KNR","stateName":"Kunar","capital":"Asadabad","slug":"kunar"},
    {"id":19,"country_id":1,"stateCode":"KDZ","stateName":"Kunduz","capital":"Kunduz","slug":"kunduz"},
    {"id":20,"country_id":1,"stateCode":"LAG","stateName":"Laghman","capital":"Mehtar Lam","slug":"laghman"},
    {"id":21,"country_id":1,"stateCode":"LOG","stateName":"Logar","capital":"Pul-e-Alam","slug":"logar"},
    {"id":22,"country_id":1,"stateCode":"NAN","stateName":"Nangarhar","capital":"Jalalabad","slug":"nangarhar"},
    {"id":23,"country_id":1,"stateCode":"NIM","stateName":"Nimruz","capital":"Zaranj","slug":"nimruz"},
    {"id":24,"country_id":1,"stateCode":"NUR","stateName":"Nuristan","capital":"Parun","slug":"nuristan"},
    {"id":25,"country_id":1,"stateCode":"PAN","stateName":"Panjshir","capital":"Bazarak","slug":"panjshir"},
    {"id":26,"country_id":1,"stateCode":"PAR","stateName":"Parwan","capital":"Charikar","slug":"parwan"},
    {"id":27,"country_id":1,"stateCode":"PIA","stateName":"Paktia","capital":"Gardez","slug":"paktia"},
    {"id":28,"country_id":1,"stateCode":"PKA","stateName":"Paktika","capital":"Sharana","slug":"paktika"},
    {"id":29,"country_id":1,"stateCode":"SAM","stateName":"Samangan","capital":"Aybak","slug":"samangan"},
    {"id":30,"country_id":1,"stateCode":"SAR","stateName":"Sar-e Pol","capital":"Sar-e Pol","slug":"sar-e-pol"},
    {"id":31,"country_id":1,"stateCode":"TAK","stateName":"Takhar","capital":"Taloqan","slug":"takhar"},
    {"id":32,"country_id":1,"stateCode":"URU","stateName":"Uruzgan","capital":"Tarin Kowt","slug":"uruzgan"},
    {"id":33,"country_id":1,"stateCode":"WAR","stateName":"Wardak","capital":"Maidan Shar","slug":"wardak"},
    {"id":34,"country_id":1,"stateCode":"ZAB","stateName":"Zabul","capital":"Qalat","slug":"zabul"},

    {"id":35,"country_id":2,"stateCode":"BR","stateName":"Berat County","capital":"Berat","slug":"berat-county"},
    {"id":36,"country_id":2,"stateCode":"DI","stateName":"Dibër County","capital":"Peshkopi","slug":"diber-county"},
    {"id":37,"country_id":2,"stateCode":"DR","stateName":"Durrës County","capital":"Durrës","slug":"durres-county"},
    {"id":38,"country_id":2,"stateCode":"EL","stateName":"Elbasan County","capital":"Elbasan","slug":"elbasan-county"},
    {"id":39,"country_id":2,"stateCode":"FR","stateName":"Fier County","capital":"Fier","slug":"fier-county"},
    {"id":40,"country_id":2,"stateCode":"GJ","stateName":"Gjirokastër County","capital":"Gjirokastër","slug":"gjirokaster-county"},
    {"id":41,"country_id":2,"stateCode":"KO","stateName":"Korçë County","capital":"Korçë","slug":"korce-county"},
    {"id":42,"country_id":2,"stateCode":"KU","stateName":"Kukës County","capital":"Kukës","slug":"kukes-county"},
    {"id":43,"country_id":2,"stateCode":"LE","stateName":"Lezhë County","capital":"Lezhë","slug":"lezhe-county"},
    {"id":44,"country_id":2,"stateCode":"SH","stateName":"Shkodër County","capital":"Shkodër","slug":"shkoder-county"},
    {"id":45,"country_id":2,"stateCode":"TI","stateName":"Tirana County","capital":"Tirana","slug":"tirana-county"},
    {"id":46,"country_id":2,"stateCode":"VL","stateName":"Vlorë County","capital":"Vlorë","slug":"vlore-county"},

    
    {"id":47,"country_id":3,"stateCode":"01","stateName":"Adrar","capital":"Adrar","slug":"adrar"},
    {"id":48,"country_id":3,"stateCode":"02","stateName":"Chlef","capital":"Chlef","slug":"chlef"},
    {"id":49,"country_id":3,"stateCode":"03","stateName":"Laghouat","capital":"Laghouat","slug":"laghouat"},
    {"id":50,"country_id":3,"stateCode":"04","stateName":"Oum El Bouaghi","capital":"Oum El Bouaghi","slug":"oum-el-bouaghi"},
    {"id":51,"country_id":3,"stateCode":"05","stateName":"Batna","capital":"Batna","slug":"batna"},
    {"id":52,"country_id":3,"stateCode":"06","stateName":"Béjaïa","capital":"Béjaïa","slug":"bejaia"},
    {"id":53,"country_id":3,"stateCode":"07","stateName":"Biskra","capital":"Biskra","slug":"biskra"},
    {"id":54,"country_id":3,"stateCode":"08","stateName":"Béchar","capital":"Béchar","slug":"bechar"},
    {"id":55,"country_id":3,"stateCode":"09","stateName":"Blida","capital":"Blida","slug":"blida"},
    {"id":56,"country_id":3,"stateCode":"10","stateName":"Bouira","capital":"Bouira","slug":"bouira"},
    {"id":57,"country_id":3,"stateCode":"11","stateName":"Tamanrasset","capital":"Tamanrasset","slug":"tamanrasset"},
    {"id":58,"country_id":3,"stateCode":"12","stateName":"Tébessa","capital":"Tébessa","slug":"tebessa"},
    {"id":59,"country_id":3,"stateCode":"13","stateName":"Tlemcen","capital":"Tlemcen","slug":"tlemcen"},
    {"id":60,"country_id":3,"stateCode":"14","stateName":"Tiaret","capital":"Tiaret","slug":"tiaret"},
    {"id":61,"country_id":3,"stateCode":"15","stateName":"Tizi Ouzou","capital":"Tizi Ouzou","slug":"tizi-ouzou"},
    {"id":62,"country_id":3,"stateCode":"16","stateName":"Algiers","capital":"Algiers","slug":"algiers"},
    {"id":63,"country_id":3,"stateCode":"17","stateName":"Djelfa","capital":"Djelfa","slug":"djelfa"},
    {"id":64,"country_id":3,"stateCode":"18","stateName":"Jijel","capital":"Jijel","slug":"jijel"},
    {"id":65,"country_id":3,"stateCode":"19","stateName":"Sétif","capital":"Sétif","slug":"setif"},
    {"id":66,"country_id":3,"stateCode":"20","stateName":"Saïda","capital":"Saïda","slug":"saida"},
    {"id":67,"country_id":3,"stateCode":"21","stateName":"Skikda","capital":"Skikda","slug":"skikda"},
    {"id":68,"country_id":3,"stateCode":"22","stateName":"Sidi Bel Abbès","capital":"Sidi Bel Abbès","slug":"sidi-bel-abbes"},
    {"id":69,"country_id":3,"stateCode":"23","stateName":"Annaba","capital":"Annaba","slug":"annaba"},
    {"id":70,"country_id":3,"stateCode":"24","stateName":"Guelma","capital":"Guelma","slug":"guelma"},
    {"id":71,"country_id":3,"stateCode":"25","stateName":"Constantine","capital":"Constantine","slug":"constantine"},
    {"id":72,"country_id":3,"stateCode":"26","stateName":"Médéa","capital":"Médéa","slug":"medea"},
    {"id":73,"country_id":3,"stateCode":"27","stateName":"Mostaganem","capital":"Mostaganem","slug":"mostaganem"},
    {"id":74,"country_id":3,"stateCode":"28","stateName":"M'Sila","capital":"M'Sila","slug":"msila"},
    {"id":75,"country_id":3,"stateCode":"29","stateName":"Mascara","capital":"Mascara","slug":"mascara"},
    {"id":76,"country_id":3,"stateCode":"30","stateName":"Ouargla","capital":"Ouargla","slug":"ouargla"},
    {"id":77,"country_id":3,"stateCode":"31","stateName":"Oran","capital":"Oran","slug":"oran"},
    {"id":78,"country_id":3,"stateCode":"32","stateName":"El Bayadh","capital":"El Bayadh","slug":"el-bayadh"},
    {"id":79,"country_id":3,"stateCode":"33","stateName":"Illizi","capital":"Illizi","slug":"illizi"},
    {"id":80,"country_id":3,"stateCode":"34","stateName":"Bordj Bou Arréridj","capital":"Bordj Bou Arréridj","slug":"bordj-bou-arreridj"},
    {"id":81,"country_id":3,"stateCode":"35","stateName":"Boumerdès","capital":"Boumerdès","slug":"boumerdes"},
    {"id":82,"country_id":3,"stateCode":"36","stateName":"El Tarf","capital":"El Tarf","slug":"el-tarf"},
    {"id":83,"country_id":3,"stateCode":"37","stateName":"Tindouf","capital":"Tindouf","slug":"tindouf"},
    {"id":84,"country_id":3,"stateCode":"38","stateName":"Tissemsilt","capital":"Tissemsilt","slug":"tissemsilt"},
    {"id":85,"country_id":3,"stateCode":"39","stateName":"El Oued","capital":"El Oued","slug":"el-oued"},
    {"id":86,"country_id":3,"stateCode":"40","stateName":"Khenchela","capital":"Khenchela","slug":"khenchela"},
    {"id":87,"country_id":3,"stateCode":"41","stateName":"Souk Ahras","capital":"Souk Ahras","slug":"souk-ahras"},
    {"id":88,"country_id":3,"stateCode":"42","stateName":"Tipasa","capital":"Tipasa","slug":"tipasa"},
    {"id":89,"country_id":3,"stateCode":"43","stateName":"Mila","capital":"Mila","slug":"mila"},
    {"id":90,"country_id":3,"stateCode":"44","stateName":"Aïn Defla","capital":"Aïn Defla","slug":"ain-defla"},
    {"id":91,"country_id":3,"stateCode":"45","stateName":"Naâma","capital":"Naâma","slug":"naama"},
    {"id":92,"country_id":3,"stateCode":"46","stateName":"Aïn Témouchent","capital":"Aïn Témouchent","slug":"ain-temouchent"},
    {"id":93,"country_id":3,"stateCode":"47","stateName":"Ghardaïa","capital":"Ghardaïa","slug":"ghardaia"},
    {"id":94,"country_id":3,"stateCode":"48","stateName":"Relizane","capital":"Relizane","slug":"relizane"},
    {"id":95,"country_id":3,"stateCode":"49","stateName":"Timimoun","capital":"Timimoun","slug":"timimoun"},
    {"id":96,"country_id":3,"stateCode":"50","stateName":"Bordj Badji Mokhtar","capital":"Bordj Badji Mokhtar","slug":"bordj-badji-mokhtar"},
    {"id":97,"country_id":3,"stateCode":"51","stateName":"Ouled Djellal","capital":"Ouled Djellal","slug":"ouled-djellal"},
    {"id":98,"country_id":3,"stateCode":"52","stateName":"Béni Abbès","capital":"Béni Abbès","slug":"beni-abbes"},
    {"id":99,"country_id":3,"stateCode":"53","stateName":"In Salah","capital":"In Salah","slug":"in-salah"},
    {"id":100,"country_id":3,"stateCode":"54","stateName":"In Guezzam","capital":"In Guezzam","slug":"in-guezzam"},
    {"id":101,"country_id":3,"stateCode":"55","stateName":"Touggourt","capital":"Touggourt","slug":"touggourt"},
    {"id":102,"country_id":3,"stateCode":"56","stateName":"Djanet","capital":"Djanet","slug":"djanet"},
    {"id":103,"country_id":3,"stateCode":"57","stateName":"El M'Ghair","capital":"El M'Ghair","slug":"el-mghair"},
    {"id":104,"country_id":3,"stateCode":"58","stateName":"El Meniaa","capital":"El Meniaa","slug":"el-meniaa"},

    {"id":105,"country_id":4,"stateCode":"AD-01","stateName":"Andorra la Vella Parish","capital":"Andorra la Vella","slug":"andorra-la-vella-parish"},
    {"id":106,"country_id":4,"stateCode":"AD-02","stateName":"Canillo Parish","capital":"Canillo","slug":"canillo-parish"},
    {"id":107,"country_id":4,"stateCode":"AD-03","stateName":"Encamp Parish","capital":"Encamp","slug":"encamp-parish"},
    {"id":108,"country_id":4,"stateCode":"AD-04","stateName":"La Massana Parish","capital":"La Massana","slug":"la-massana-parish"},
    {"id":109,"country_id":4,"stateCode":"AD-05","stateName":"Ordino Parish","capital":"Ordino","slug":"ordino-parish"},
    {"id":110,"country_id":4,"stateCode":"AD-06","stateName":"Sant Julià de Lòria Parish","capital":"Sant Julià de Lòria","slug":"sant-julia-de-loria-parish"},

   {"id":111,"country_id":5,"stateCode":"BGO","stateName":"Bengo","capital":"Caxito","slug":"bengo"},
{"id":112,"country_id":5,"stateCode":"BGU","stateName":"Benguela","capital":"Benguela","slug":"benguela"},
{"id":113,"country_id":5,"stateCode":"BIE","stateName":"Bié","capital":"Kuito","slug":"bie"},
{"id":114,"country_id":5,"stateCode":"CAB","stateName":"Cabinda","capital":"Cabinda","slug":"cabinda"},
{"id":115,"country_id":5,"stateCode":"CCU","stateName":"Cuando Cubango","capital":"Menongue","slug":"cuando-cubango"},
{"id":116,"country_id":5,"stateCode":"CNN","stateName":"Cunene","capital":"Ondjiva","slug":"cunene"},
{"id":117,"country_id":5,"stateCode":"HUA","stateName":"Huambo","capital":"Huambo","slug":"huambo"},
{"id":118,"country_id":5,"stateCode":"HUI","stateName":"Huíla","capital":"Lubango","slug":"huila"},
{"id":119,"country_id":5,"stateCode":"LUA","stateName":"Luanda","capital":"Luanda","slug":"luanda"},
{"id":120,"country_id":5,"stateCode":"LNO","stateName":"Lunda Norte","capital":"Dundo","slug":"lunda-norte"},
{"id":121,"country_id":5,"stateCode":"LSU","stateName":"Lunda Sul","capital":"Saurimo","slug":"lunda-sul"},
{"id":122,"country_id":5,"stateCode":"MAL","stateName":"Malanje","capital":"Malanje","slug":"malanje"},
{"id":123,"country_id":5,"stateCode":"MOX","stateName":"Moxico","capital":"Luena","slug":"moxico"},
{"id":124,"country_id":5,"stateCode":"NAM","stateName":"Namibe","capital":"Moçâmedes","slug":"namibe"},
{"id":125,"country_id":5,"stateCode":"UIG","stateName":"Uíge","capital":"Uíge","slug":"uige"},
{"id":126,"country_id":5,"stateCode":"ZAI","stateName":"Zaire","capital":"M'banza-Kongo","slug":"zaire"},
{"id":127,"country_id":6,"stateCode":"BAR","stateName":"Barbuda","capital":"Codrington","slug":"barbuda"},
{"id":128,"country_id":6,"stateCode":"SGE","stateName":"Saint George","capital":"Freetown","slug":"saint-george"},
{"id":129,"country_id":6,"stateCode":"SJO","stateName":"Saint John","capital":"St. John's","slug":"saint-john"},
{"id":130,"country_id":6,"stateCode":"SMA","stateName":"Saint Mary","capital":"Bolans","slug":"saint-mary"},
{"id":131,"country_id":6,"stateCode":"SPA","stateName":"Saint Paul","capital":"Falmouth","slug":"saint-paul"},
{"id":132,"country_id":6,"stateCode":"SPE","stateName":"Saint Peter","capital":"Parham","slug":"saint-peter"},
{"id":133,"country_id":6,"stateCode":"SPH","stateName":"Saint Philip","capital":"Willikies","slug":"saint-philip"},
{"id":134,"country_id":6,"stateCode":"RED","stateName":"Redonda","capital":"—","slug":"redonda"},
{"id":135,"country_id":7,"stateCode":"B","stateName":"Buenos Aires","capital":"La Plata","slug":"buenos-aires"},
{"id":136,"country_id":7,"stateCode":"C","stateName":"Buenos Aires City","capital":"Buenos Aires","slug":"buenos-aires-city"},
{"id":137,"country_id":7,"stateCode":"K","stateName":"Catamarca","capital":"San Fernando del Valle de Catamarca","slug":"catamarca"},
{"id":138,"country_id":7,"stateCode":"H","stateName":"Chaco","capital":"Resistencia","slug":"chaco"},
{"id":139,"country_id":7,"stateCode":"U","stateName":"Chubut","capital":"Rawson","slug":"chubut"},
{"id":140,"country_id":7,"stateCode":"X","stateName":"Córdoba","capital":"Córdoba","slug":"cordoba"},
{"id":141,"country_id":7,"stateCode":"W","stateName":"Corrientes","capital":"Corrientes","slug":"corrientes"},
{"id":142,"country_id":7,"stateCode":"E","stateName":"Entre Ríos","capital":"Paraná","slug":"entre-rios"},
{"id":143,"country_id":7,"stateCode":"P","stateName":"Formosa","capital":"Formosa","slug":"formosa"},
{"id":144,"country_id":7,"stateCode":"Y","stateName":"Jujuy","capital":"San Salvador de Jujuy","slug":"jujuy"},
{"id":145,"country_id":7,"stateCode":"L","stateName":"La Pampa","capital":"Santa Rosa","slug":"la-pampa"},
{"id":146,"country_id":7,"stateCode":"F","stateName":"La Rioja","capital":"La Rioja","slug":"la-rioja"},
{"id":147,"country_id":7,"stateCode":"M","stateName":"Mendoza","capital":"Mendoza","slug":"mendoza"},
{"id":148,"country_id":7,"stateCode":"N","stateName":"Misiones","capital":"Posadas","slug":"misiones"},
{"id":149,"country_id":7,"stateCode":"Q","stateName":"Neuquén","capital":"Neuquén","slug":"neuquen"},
{"id":150,"country_id":7,"stateCode":"R","stateName":"Río Negro","capital":"Viedma","slug":"rio-negro"},
{"id":151,"country_id":7,"stateCode":"A","stateName":"Salta","capital":"Salta","slug":"salta"},
{"id":152,"country_id":7,"stateCode":"J","stateName":"San Juan","capital":"San Juan","slug":"san-juan"},
{"id":153,"country_id":7,"stateCode":"D","stateName":"San Luis","capital":"San Luis","slug":"san-luis"},
{"id":154,"country_id":7,"stateCode":"Z","stateName":"Santa Cruz","capital":"Río Gallegos","slug":"santa-cruz"},
{"id":155,"country_id":7,"stateCode":"S","stateName":"Santa Fe","capital":"Santa Fe","slug":"santa-fe"},
{"id":156,"country_id":7,"stateCode":"G","stateName":"Santiago del Estero","capital":"Santiago del Estero","slug":"santiago-del-estero"},
{"id":157,"country_id":7,"stateCode":"V","stateName":"Tierra del Fuego","capital":"Ushuaia","slug":"tierra-del-fuego"},
{"id":158,"country_id":7,"stateCode":"T","stateName":"Tucumán","capital":"San Miguel de Tucumán","slug":"tucuman"},
{"id":159,"country_id":8,"stateCode":"AG","stateName":"Aragatsotn","capital":"Ashtarak","slug":"aragatsotn"},
{"id":160,"country_id":8,"stateCode":"AR","stateName":"Ararat","capital":"Artashat","slug":"ararat"},
{"id":161,"country_id":8,"stateCode":"AV","stateName":"Armavir","capital":"Armavir","slug":"armavir"},
{"id":162,"country_id":8,"stateCode":"GR","stateName":"Gegharkunik","capital":"Gavar","slug":"gegharkunik"},
{"id":163,"country_id":8,"stateCode":"KT","stateName":"Kotayk","capital":"Hrazdan","slug":"kotayk"},
{"id":164,"country_id":8,"stateCode":"LO","stateName":"Lori","capital":"Vanadzor","slug":"lori"},
{"id":165,"country_id":8,"stateCode":"SH","stateName":"Shirak","capital":"Gyumri","slug":"shirak"},
{"id":166,"country_id":8,"stateCode":"SU","stateName":"Syunik","capital":"Kapan","slug":"syunik"},
{"id":167,"country_id":8,"stateCode":"TV","stateName":"Tavush","capital":"Ijevan","slug":"tavush"},
{"id":168,"country_id":8,"stateCode":"VD","stateName":"Vayots Dzor","capital":"Yeghegnadzor","slug":"vayots-dzor"},
{"id":169,"country_id":8,"stateCode":"ER","stateName":"Yerevan","capital":"Yerevan","slug":"yerevan"},
{"id":170,"country_id":9,"stateCode":"NSW","stateName":"New South Wales","capital":"Sydney","slug":"new-south-wales"},
{"id":171,"country_id":9,"stateCode":"VIC","stateName":"Victoria","capital":"Melbourne","slug":"victoria"},
{"id":172,"country_id":9,"stateCode":"QLD","stateName":"Queensland","capital":"Brisbane","slug":"queensland"},
{"id":173,"country_id":9,"stateCode":"WA","stateName":"Western Australia","capital":"Perth","slug":"western-australia"},
{"id":174,"country_id":9,"stateCode":"SA","stateName":"South Australia","capital":"Adelaide","slug":"south-australia"},
{"id":175,"country_id":9,"stateCode":"TAS","stateName":"Tasmania","capital":"Hobart","slug":"tasmania"},
{"id":176,"country_id":9,"stateCode":"ACT","stateName":"Australian Capital Territory","capital":"Canberra","slug":"australian-capital-territory"},
{"id":177,"country_id":9,"stateCode":"NT","stateName":"Northern Territory","capital":"Darwin","slug":"northern-territory"},
{"id":178,"country_id":10,"stateCode":"BU","stateName":"Burgenland","capital":"Eisenstadt","slug":"burgenland"},
{"id":179,"country_id":10,"stateCode":"KA","stateName":"Carinthia","capital":"Klagenfurt","slug":"carinthia"},
{"id":180,"country_id":10,"stateCode":"NO","stateName":"Lower Austria","capital":"St. Pölten","slug":"lower-austria"},
{"id":181,"country_id":10,"stateCode":"OO","stateName":"Upper Austria","capital":"Linz","slug":"upper-austria"},
{"id":182,"country_id":10,"stateCode":"SA","stateName":"Salzburg","capital":"Salzburg","slug":"salzburg"},
{"id":183,"country_id":10,"stateCode":"ST","stateName":"Styria","capital":"Graz","slug":"styria"},
{"id":184,"country_id":10,"stateCode":"TI","stateName":"Tyrol","capital":"Innsbruck","slug":"tyrol"},
{"id":185,"country_id":10,"stateCode":"VO","stateName":"Vorarlberg","capital":"Bregenz","slug":"vorarlberg"},
{"id":186,"country_id":10,"stateCode":"WI","stateName":"Vienna","capital":"Vienna","slug":"vienna"},

  {"id":187,"country_id":11,"stateCode":"ABS","stateName":"Absheron","capital":"Khirdalan","slug":"absheron"},
{"id":188,"country_id":11,"stateCode":"AGC","stateName":"Aghjabadi","capital":"Aghjabadi","slug":"aghjabadi"},
{"id":189,"country_id":11,"stateCode":"AGM","stateName":"Aghdam","capital":"Aghdam","slug":"aghdam"},
{"id":190,"country_id":11,"stateCode":"AGS","stateName":"Aghdash","capital":"Aghdash","slug":"aghdash"},
{"id":191,"country_id":11,"stateCode":"AST","stateName":"Astara","capital":"Astara","slug":"astara"},
{"id":192,"country_id":11,"stateCode":"BA","stateName":"Baku","capital":"Baku","slug":"baku"},
{"id":193,"country_id":11,"stateCode":"BAL","stateName":"Balakan","capital":"Balakan","slug":"balakan"},
{"id":194,"country_id":11,"stateCode":"BAR","stateName":"Barda","capital":"Barda","slug":"barda"},
{"id":195,"country_id":11,"stateCode":"DAS","stateName":"Dashkasan","capital":"Dashkasan","slug":"dashkasan"},
{"id":196,"country_id":11,"stateCode":"GAN","stateName":"Ganja","capital":"Ganja","slug":"ganja"},
{"id":197,"country_id":11,"stateCode":"LAC","stateName":"Lachin","capital":"Lachin","slug":"lachin"},
{"id":198,"country_id":11,"stateCode":"LEN","stateName":"Lankaran","capital":"Lankaran","slug":"lankaran"},
{"id":199,"country_id":11,"stateCode":"NA","stateName":"Nakhchivan","capital":"Nakhchivan","slug":"nakhchivan"},
{"id":200,"country_id":11,"stateCode":"QAB","stateName":"Qabala","capital":"Qabala","slug":"qabala"},
{"id":201,"country_id":11,"stateCode":"QAZ","stateName":"Qazakh","capital":"Qazakh","slug":"qazakh"},
{"id":202,"country_id":11,"stateCode":"SA","stateName":"Shaki","capital":"Shaki","slug":"shaki"},
{"id":203,"country_id":11,"stateCode":"SM","stateName":"Sumqayit","capital":"Sumqayit","slug":"sumqayit"},
{"id":204,"country_id":11,"stateCode":"TOV","stateName":"Tovuz","capital":"Tovuz","slug":"tovuz"},
{"id":205,"country_id":11,"stateCode":"YAR","stateName":"Yardymli","capital":"Yardymli","slug":"yardymli"},

{"id":206,"country_id":12,"stateCode":"AK","stateName":"Acklins","capital":"Snug Corner","slug":"acklins"},
{"id":207,"country_id":12,"stateCode":"BI","stateName":"Bimini","capital":"Alice Town","slug":"bimini"},
{"id":208,"country_id":12,"stateCode":"BP","stateName":"Black Point","capital":"Black Point","slug":"black-point"},
{"id":209,"country_id":12,"stateCode":"CI","stateName":"Cat Island","capital":"Arthur's Town","slug":"cat-island"},
{"id":210,"country_id":12,"stateCode":"EX","stateName":"Exuma","capital":"George Town","slug":"exuma"},
{"id":211,"country_id":12,"stateCode":"FP","stateName":"Freeport","capital":"Freeport","slug":"freeport"},
{"id":212,"country_id":12,"stateCode":"GC","stateName":"Grand Cay","capital":"Grand Cay","slug":"grand-cay"},
{"id":213,"country_id":12,"stateCode":"HI","stateName":"Harbour Island","capital":"Dunmore Town","slug":"harbour-island"},
{"id":214,"country_id":12,"stateCode":"IN","stateName":"Inagua","capital":"Matthew Town","slug":"inagua"},
{"id":215,"country_id":12,"stateCode":"LI","stateName":"Long Island","capital":"Clarence Town","slug":"long-island"},
{"id":216,"country_id":12,"stateCode":"NP","stateName":"New Providence","capital":"Nassau","slug":"new-providence"},
{"id":217,"country_id":12,"stateCode":"RI","stateName":"Ragged Island","capital":"Duncan Town","slug":"ragged-island"},

{"id":218,"country_id":13,"stateCode":"CA","stateName":"Capital Governorate","capital":"Manama","slug":"capital-governorate"},
{"id":219,"country_id":13,"stateCode":"MU","stateName":"Muharraq Governorate","capital":"Muharraq","slug":"muharraq"},
{"id":220,"country_id":13,"stateCode":"NO","stateName":"Northern Governorate","capital":"Madinat Hamad","slug":"northern-governorate"},
{"id":221,"country_id":13,"stateCode":"SO","stateName":"Southern Governorate","capital":"Isa Town","slug":"southern-governorate"},

{"id":222,"country_id":14,"stateCode":"A","stateName":"Barisal","capital":"Barisal","slug":"barisal"},
{"id":223,"country_id":14,"stateCode":"B","stateName":"Chittagong","capital":"Chittagong","slug":"chittagong"},
{"id":224,"country_id":14,"stateCode":"C","stateName":"Dhaka","capital":"Dhaka","slug":"dhaka"},
{"id":225,"country_id":14,"stateCode":"D","stateName":"Khulna","capital":"Khulna","slug":"khulna"},
{"id":226,"country_id":14,"stateCode":"E","stateName":"Mymensingh","capital":"Mymensingh","slug":"mymensingh"},
{"id":227,"country_id":14,"stateCode":"F","stateName":"Rajshahi","capital":"Rajshahi","slug":"rajshahi"},
{"id":228,"country_id":14,"stateCode":"G","stateName":"Rangpur","capital":"Rangpur","slug":"rangpur"},
{"id":229,"country_id":14,"stateCode":"H","stateName":"Sylhet","capital":"Sylhet","slug":"sylhet"},

{"id":230,"country_id":15,"stateCode":"CC","stateName":"Christ Church","capital":"Oistins","slug":"christ-church"},
{"id":231,"country_id":15,"stateCode":"SA","stateName":"Saint Andrew","capital":"Greenland","slug":"saint-andrew"},
{"id":232,"country_id":15,"stateCode":"SG","stateName":"Saint George","capital":"Bulkeley","slug":"saint-george"},
{"id":233,"country_id":15,"stateCode":"SJ","stateName":"Saint James","capital":"Holetown","slug":"saint-james"},
{"id":234,"country_id":15,"stateCode":"SM","stateName":"Saint Michael","capital":"Bridgetown","slug":"saint-michael"},
{"id":235,"country_id":15,"stateCode":"SP","stateName":"Saint Peter","capital":"Speightstown","slug":"saint-peter"},
{"id":236,"country_id":15,"stateCode":"ST","stateName":"Saint Thomas","capital":"Hillaby","slug":"saint-thomas"},

{"id":237,"country_id":16,"stateCode":"BR","stateName":"Brest Region","capital":"Brest","slug":"brest-region"},
{"id":238,"country_id":16,"stateCode":"HO","stateName":"Gomel Region","capital":"Gomel","slug":"gomel-region"},
{"id":239,"country_id":16,"stateCode":"HR","stateName":"Grodno Region","capital":"Grodno","slug":"grodno-region"},
{"id":240,"country_id":16,"stateCode":"HM","stateName":"Minsk Region","capital":"Minsk","slug":"minsk-region"},
{"id":241,"country_id":16,"stateCode":"MA","stateName":"Mogilev Region","capital":"Mogilev","slug":"mogilev-region"},
{"id":242,"country_id":16,"stateCode":"VI","stateName":"Vitebsk Region","capital":"Vitebsk","slug":"vitebsk-region"},
{"id":243,"country_id":16,"stateCode":"MI","stateName":"Minsk City","capital":"Minsk","slug":"minsk-city"},
{"id":244,"country_id":17,"stateCode":"BRU","stateName":"Brussels-Capital Region","capital":"Brussels","slug":"brussels-capital"},
{"id":245,"country_id":17,"stateCode":"VAN","stateName":"Antwerp","capital":"Antwerp","slug":"antwerp"},
{"id":246,"country_id":17,"stateCode":"VLI","stateName":"Limburg","capital":"Hasselt","slug":"limburg"},
{"id":247,"country_id":17,"stateCode":"VOV","stateName":"East Flanders","capital":"Ghent","slug":"east-flanders"},
{"id":248,"country_id":17,"stateCode":"VWV","stateName":"West Flanders","capital":"Bruges","slug":"west-flanders"},
{"id":249,"country_id":17,"stateCode":"VBR","stateName":"Flemish Brabant","capital":"Leuven","slug":"flemish-brabant"},
{"id":250,"country_id":17,"stateCode":"WBR","stateName":"Walloon Brabant","capital":"Wavre","slug":"walloon-brabant"},
{"id":251,"country_id":17,"stateCode":"WHT","stateName":"Hainaut","capital":"Mons","slug":"hainaut"},
{"id":252,"country_id":17,"stateCode":"WLG","stateName":"Liège","capital":"Liège","slug":"liege"},
{"id":253,"country_id":17,"stateCode":"WLX","stateName":"Luxembourg","capital":"Arlon","slug":"luxembourg"},
{"id":254,"country_id":17,"stateCode":"WNA","stateName":"Namur","capital":"Namur","slug":"namur"},
{"id":255,"country_id":19,"stateCode":"AL","stateName":"Alibori","capital":"Kandi","slug":"alibori"},
{"id":256,"country_id":19,"stateCode":"AK","stateName":"Atakora","capital":"Natitingou","slug":"atakora"},
{"id":257,"country_id":19,"stateCode":"AQ","stateName":"Atlantique","capital":"Ouidah","slug":"atlantique"},
{"id":258,"country_id":19,"stateCode":"BO","stateName":"Borgou","capital":"Parakou","slug":"borgou"},
{"id":259,"country_id":19,"stateCode":"CO","stateName":"Collines","capital":"Savalou","slug":"collines"},
{"id":260,"country_id":19,"stateCode":"DO","stateName":"Donga","capital":"Djougou","slug":"donga"},
{"id":261,"country_id":19,"stateCode":"KO","stateName":"Kouffo","capital":"Aplahoué","slug":"kouffo"},
{"id":262,"country_id":19,"stateCode":"LI","stateName":"Littoral","capital":"Cotonou","slug":"littoral"},
{"id":263,"country_id":19,"stateCode":"MO","stateName":"Mono","capital":"Lokossa","slug":"mono"},
{"id":264,"country_id":19,"stateCode":"OU","stateName":"Ouémé","capital":"Porto-Novo","slug":"oueme"},
{"id":265,"country_id":19,"stateCode":"PL","stateName":"Plateau","capital":"Pobè","slug":"plateau"},
{"id":266,"country_id":19,"stateCode":"ZO","stateName":"Zou","capital":"Abomey","slug":"zou"},

  {"id":267,"country_id":20,"stateCode":"11","stateName":"Paro","capital":"Paro","slug":"paro"},
{"id":268,"country_id":20,"stateCode":"12","stateName":"Chukha","capital":"Phuentsholing","slug":"chukha"},
{"id":269,"country_id":20,"stateCode":"13","stateName":"Haa","capital":"Haa","slug":"haa"},
{"id":270,"country_id":20,"stateCode":"14","stateName":"Samtse","capital":"Samtse","slug":"samtse"},
{"id":271,"country_id":20,"stateCode":"15","stateName":"Thimphu","capital":"Thimphu","slug":"thimphu"},
{"id":272,"country_id":20,"stateCode":"21","stateName":"Tsirang","capital":"Damphu","slug":"tsirang"},
{"id":273,"country_id":20,"stateCode":"22","stateName":"Dagana","capital":"Dagana","slug":"dagana"},
{"id":274,"country_id":20,"stateCode":"23","stateName":"Punakha","capital":"Punakha","slug":"punakha"},
{"id":275,"country_id":20,"stateCode":"24","stateName":"Wangdue Phodrang","capital":"Wangdue","slug":"wangdue-phodrang"},
{"id":276,"country_id":20,"stateCode":"31","stateName":"Bumthang","capital":"Jakar","slug":"bumthang"},
{"id":277,"country_id":20,"stateCode":"32","stateName":"Trongsa","capital":"Trongsa","slug":"trongsa"},
{"id":278,"country_id":20,"stateCode":"33","stateName":"Zhemgang","capital":"Zhemgang","slug":"zhemgang"},
{"id":279,"country_id":20,"stateCode":"34","stateName":"Mongar","capital":"Mongar","slug":"mongar"},
{"id":280,"country_id":20,"stateCode":"41","stateName":"Trashigang","capital":"Trashigang","slug":"trashigang"},
{"id":281,"country_id":20,"stateCode":"42","stateName":"Lhuentse","capital":"Lhuentse","slug":"lhuentse"},
{"id":282,"country_id":20,"stateCode":"43","stateName":"Samdrup Jongkhar","capital":"Samdrup Jongkhar","slug":"samdrup-jongkhar"},
{"id":283,"country_id":20,"stateCode":"44","stateName":"Pemagatshel","capital":"Pemagatshel","slug":"pemagatshel"},
{"id":284,"country_id":20,"stateCode":"45","stateName":"Trashiyangtse","capital":"Trashiyangtse","slug":"trashiyangtse"},
{"id":285,"country_id":20,"stateCode":"GA","stateName":"Gasa","capital":"Gasa","slug":"gasa"},
{"id":286,"country_id":21,"stateCode":"BEN","stateName":"Beni","capital":"Trinidad","slug":"beni"},
{"id":287,"country_id":21,"stateCode":"CHU","stateName":"Chuquisaca","capital":"Sucre","slug":"chuquisaca"},
{"id":288,"country_id":21,"stateCode":"COC","stateName":"Cochabamba","capital":"Cochabamba","slug":"cochabamba"},
{"id":289,"country_id":21,"stateCode":"LPZ","stateName":"La Paz","capital":"La Paz","slug":"la-paz"},
{"id":290,"country_id":21,"stateCode":"ORU","stateName":"Oruro","capital":"Oruro","slug":"oruro"},
{"id":291,"country_id":21,"stateCode":"PAN","stateName":"Pando","capital":"Cobija","slug":"pando"},
{"id":292,"country_id":21,"stateCode":"POT","stateName":"Potosí","capital":"Potosí","slug":"potosi"},
{"id":293,"country_id":21,"stateCode":"SCZ","stateName":"Santa Cruz","capital":"Santa Cruz de la Sierra","slug":"santa-cruz"},
{"id":294,"country_id":21,"stateCode":"TJA","stateName":"Tarija","capital":"Tarija","slug":"tarija"},
{"id":295,"country_id":22,"stateCode":"FBH","stateName":"Federation of Bosnia and Herzegovina","capital":"Sarajevo","slug":"federation-of-bih"},
{"id":296,"country_id":22,"stateCode":"RS","stateName":"Republika Srpska","capital":"Banja Luka","slug":"republika-srpska"},
{"id":297,"country_id":22,"stateCode":"BD","stateName":"Brčko District","capital":"Brčko","slug":"brcko-district"},
{"id":298,"country_id":23,"stateCode":"CE","stateName":"Central District","capital":"Serowe","slug":"central-district"},
{"id":299,"country_id":23,"stateCode":"GH","stateName":"Ghanzi District","capital":"Ghanzi","slug":"ghanzi"},
{"id":300,"country_id":23,"stateCode":"KG","stateName":"Kgalagadi District","capital":"Tshabong","slug":"kgalagadi"},
{"id":301,"country_id":23,"stateCode":"KT","stateName":"Kgatleng District","capital":"Mochudi","slug":"kgatleng"},
{"id":302,"country_id":23,"stateCode":"KW","stateName":"Kweneng District","capital":"Molepolole","slug":"kweneng"},
{"id":303,"country_id":23,"stateCode":"NG","stateName":"Ngamiland","capital":"Maun","slug":"ngamiland"},
{"id":304,"country_id":23,"stateCode":"NE","stateName":"North-East District","capital":"Masunga","slug":"north-east"},
{"id":305,"country_id":23,"stateCode":"NW","stateName":"North-West District","capital":"Maun","slug":"north-west"},
{"id":306,"country_id":23,"stateCode":"SE","stateName":"South-East District","capital":"Gaborone","slug":"south-east"},
{"id":307,"country_id":23,"stateCode":"SO","stateName":"Southern District","capital":"Kanye","slug":"southern-district"},
{"id":298,"country_id":23,"stateCode":"CE","stateName":"Central District","capital":"Serowe","slug":"central-district"},
{"id":299,"country_id":23,"stateCode":"GH","stateName":"Ghanzi District","capital":"Ghanzi","slug":"ghanzi"},
{"id":300,"country_id":23,"stateCode":"KG","stateName":"Kgalagadi District","capital":"Tshabong","slug":"kgalagadi"},
{"id":301,"country_id":23,"stateCode":"KT","stateName":"Kgatleng District","capital":"Mochudi","slug":"kgatleng"},
{"id":302,"country_id":23,"stateCode":"KW","stateName":"Kweneng District","capital":"Molepolole","slug":"kweneng"},
{"id":303,"country_id":23,"stateCode":"NG","stateName":"Ngamiland","capital":"Maun","slug":"ngamiland"},
{"id":304,"country_id":23,"stateCode":"NE","stateName":"North-East District","capital":"Masunga","slug":"north-east"},
{"id":305,"country_id":23,"stateCode":"NW","stateName":"North-West District","capital":"Maun","slug":"north-west"},
{"id":306,"country_id":23,"stateCode":"SE","stateName":"South-East District","capital":"Gaborone","slug":"south-east"},
{"id":307,"country_id":23,"stateCode":"SO","stateName":"Southern District","capital":"Kanye","slug":"southern-district"},
{"id":308,"country_id":24,"stateCode":"AC","stateName":"Acre","capital":"Rio Branco","slug":"acre"},
{"id":309,"country_id":24,"stateCode":"AL","stateName":"Alagoas","capital":"Maceió","slug":"alagoas"},
{"id":310,"country_id":24,"stateCode":"AP","stateName":"Amapá","capital":"Macapá","slug":"amapa"},
{"id":311,"country_id":24,"stateCode":"AM","stateName":"Amazonas","capital":"Manaus","slug":"amazonas"},
{"id":312,"country_id":24,"stateCode":"BA","stateName":"Bahia","capital":"Salvador","slug":"bahia"},
{"id":313,"country_id":24,"stateCode":"CE","stateName":"Ceará","capital":"Fortaleza","slug":"ceara"},
{"id":314,"country_id":24,"stateCode":"DF","stateName":"Federal District","capital":"Brasília","slug":"federal-district"},
{"id":315,"country_id":24,"stateCode":"ES","stateName":"Espírito Santo","capital":"Vitória","slug":"espirito-santo"},
{"id":316,"country_id":24,"stateCode":"GO","stateName":"Goiás","capital":"Goiânia","slug":"goias"},
{"id":317,"country_id":24,"stateCode":"MA","stateName":"Maranhão","capital":"São Luís","slug":"maranhao"},
{"id":318,"country_id":24,"stateCode":"MT","stateName":"Mato Grosso","capital":"Cuiabá","slug":"mato-grosso"},
{"id":319,"country_id":24,"stateCode":"MS","stateName":"Mato Grosso do Sul","capital":"Campo Grande","slug":"mato-grosso-do-sul"},
{"id":320,"country_id":24,"stateCode":"MG","stateName":"Minas Gerais","capital":"Belo Horizonte","slug":"minas-gerais"},
{"id":321,"country_id":24,"stateCode":"PA","stateName":"Pará","capital":"Belém","slug":"para"},
{"id":322,"country_id":24,"stateCode":"PB","stateName":"Paraíba","capital":"João Pessoa","slug":"paraiba"},
{"id":323,"country_id":24,"stateCode":"PR","stateName":"Paraná","capital":"Curitiba","slug":"parana"},
{"id":324,"country_id":24,"stateCode":"PE","stateName":"Pernambuco","capital":"Recife","slug":"pernambuco"},
{"id":325,"country_id":24,"stateCode":"PI","stateName":"Piauí","capital":"Teresina","slug":"piaui"},
{"id":326,"country_id":24,"stateCode":"RJ","stateName":"Rio de Janeiro","capital":"Rio de Janeiro","slug":"rio-de-janeiro"},
{"id":327,"country_id":24,"stateCode":"RN","stateName":"Rio Grande do Norte","capital":"Natal","slug":"rio-grande-do-norte"},
{"id":328,"country_id":24,"stateCode":"RS","stateName":"Rio Grande do Sul","capital":"Porto Alegre","slug":"rio-grande-do-sul"},
{"id":329,"country_id":24,"stateCode":"RO","stateName":"Rondônia","capital":"Porto Velho","slug":"rondonia"},
{"id":330,"country_id":24,"stateCode":"RR","stateName":"Roraima","capital":"Boa Vista","slug":"roraima"},
{"id":331,"country_id":24,"stateCode":"SC","stateName":"Santa Catarina","capital":"Florianópolis","slug":"santa-catarina"},
{"id":332,"country_id":24,"stateCode":"SP","stateName":"São Paulo","capital":"São Paulo","slug":"sao-paulo"},
{"id":333,"country_id":24,"stateCode":"SE","stateName":"Sergipe","capital":"Aracaju","slug":"sergipe"},
{"id":334,"country_id":24,"stateCode":"TO","stateName":"Tocantins","capital":"Palmas","slug":"tocantins"},
{"id":308,"country_id":24,"stateCode":"AC","stateName":"Acre","capital":"Rio Branco","slug":"acre"},
{"id":309,"country_id":24,"stateCode":"AL","stateName":"Alagoas","capital":"Maceió","slug":"alagoas"},
{"id":310,"country_id":24,"stateCode":"AP","stateName":"Amapá","capital":"Macapá","slug":"amapa"},
{"id":311,"country_id":24,"stateCode":"AM","stateName":"Amazonas","capital":"Manaus","slug":"amazonas"},
{"id":312,"country_id":24,"stateCode":"BA","stateName":"Bahia","capital":"Salvador","slug":"bahia"},
{"id":313,"country_id":24,"stateCode":"CE","stateName":"Ceará","capital":"Fortaleza","slug":"ceara"},
{"id":314,"country_id":24,"stateCode":"DF","stateName":"Federal District","capital":"Brasília","slug":"federal-district"},
{"id":315,"country_id":24,"stateCode":"ES","stateName":"Espírito Santo","capital":"Vitória","slug":"espirito-santo"},
{"id":316,"country_id":24,"stateCode":"GO","stateName":"Goiás","capital":"Goiânia","slug":"goias"},
{"id":317,"country_id":24,"stateCode":"MA","stateName":"Maranhão","capital":"São Luís","slug":"maranhao"},
{"id":318,"country_id":24,"stateCode":"MT","stateName":"Mato Grosso","capital":"Cuiabá","slug":"mato-grosso"},
{"id":319,"country_id":24,"stateCode":"MS","stateName":"Mato Grosso do Sul","capital":"Campo Grande","slug":"mato-grosso-do-sul"},
{"id":320,"country_id":24,"stateCode":"MG","stateName":"Minas Gerais","capital":"Belo Horizonte","slug":"minas-gerais"},
{"id":321,"country_id":24,"stateCode":"PA","stateName":"Pará","capital":"Belém","slug":"para"},
{"id":322,"country_id":24,"stateCode":"PB","stateName":"Paraíba","capital":"João Pessoa","slug":"paraiba"},
{"id":323,"country_id":24,"stateCode":"PR","stateName":"Paraná","capital":"Curitiba","slug":"parana"},
{"id":324,"country_id":24,"stateCode":"PE","stateName":"Pernambuco","capital":"Recife","slug":"pernambuco"},
{"id":325,"country_id":24,"stateCode":"PI","stateName":"Piauí","capital":"Teresina","slug":"piaui"},
{"id":326,"country_id":24,"stateCode":"RJ","stateName":"Rio de Janeiro","capital":"Rio de Janeiro","slug":"rio-de-janeiro"},
{"id":327,"country_id":24,"stateCode":"RN","stateName":"Rio Grande do Norte","capital":"Natal","slug":"rio-grande-do-norte"},
{"id":328,"country_id":24,"stateCode":"RS","stateName":"Rio Grande do Sul","capital":"Porto Alegre","slug":"rio-grande-do-sul"},
{"id":329,"country_id":24,"stateCode":"RO","stateName":"Rondônia","capital":"Porto Velho","slug":"rondonia"},
{"id":330,"country_id":24,"stateCode":"RR","stateName":"Roraima","capital":"Boa Vista","slug":"roraima"},
{"id":331,"country_id":24,"stateCode":"SC","stateName":"Santa Catarina","capital":"Florianópolis","slug":"santa-catarina"},
{"id":332,"country_id":24,"stateCode":"SP","stateName":"São Paulo","capital":"São Paulo","slug":"sao-paulo"},
{"id":333,"country_id":24,"stateCode":"SE","stateName":"Sergipe","capital":"Aracaju","slug":"sergipe"},
{"id":334,"country_id":24,"stateCode":"TO","stateName":"Tocantins","capital":"Palmas","slug":"tocantins"},
{"id":335,"country_id":25,"stateCode":"BE","stateName":"Belait","capital":"Kuala Belait","slug":"belait"},
{"id":336,"country_id":25,"stateCode":"BM","stateName":"Brunei-Muara","capital":"Bandar Seri Begawan","slug":"brunei-muara"},
{"id":337,"country_id":25,"stateCode":"TE","stateName":"Temburong","capital":"Bangar","slug":"temburong"},
{"id":338,"country_id":25,"stateCode":"TU","stateName":"Tutong","capital":"Tutong","slug":"tutong"},
{"id":339,"country_id":26,"stateCode":"BG01","stateName":"Blagoevgrad","capital":"Blagoevgrad","slug":"blagoevgrad"},
{"id":340,"country_id":26,"stateCode":"BG02","stateName":"Burgas","capital":"Burgas","slug":"burgas"},
{"id":341,"country_id":26,"stateCode":"BG03","stateName":"Dobrich","capital":"Dobrich","slug":"dobrich"},
{"id":342,"country_id":26,"stateCode":"BG04","stateName":"Gabrovo","capital":"Gabrovo","slug":"gabrovo"},
{"id":343,"country_id":26,"stateCode":"BG05","stateName":"Haskovo","capital":"Haskovo","slug":"haskovo"},
{"id":344,"country_id":26,"stateCode":"BG06","stateName":"Kardzhali","capital":"Kardzhali","slug":"kardzhali"},
{"id":345,"country_id":26,"stateCode":"BG07","stateName":"Kyustendil","capital":"Kyustendil","slug":"kyustendil"},
{"id":346,"country_id":26,"stateCode":"BG08","stateName":"Lovech","capital":"Lovech","slug":"lovech"},
{"id":347,"country_id":26,"stateCode":"BG09","stateName":"Montana","capital":"Montana","slug":"montana"},
{"id":348,"country_id":26,"stateCode":"BG10","stateName":"Pazardzhik","capital":"Pazardzhik","slug":"pazardzhik"},
{"id":349,"country_id":26,"stateCode":"BG11","stateName":"Pernik","capital":"Pernik","slug":"pernik"},
{"id":350,"country_id":26,"stateCode":"BG12","stateName":"Pleven","capital":"Pleven","slug":"pleven"},
{"id":351,"country_id":26,"stateCode":"BG13","stateName":"Plovdiv","capital":"Plovdiv","slug":"plovdiv"},
{"id":352,"country_id":26,"stateCode":"BG14","stateName":"Razgrad","capital":"Razgrad","slug":"razgrad"},
{"id":353,"country_id":26,"stateCode":"BG15","stateName":"Ruse","capital":"Ruse","slug":"ruse"},
{"id":354,"country_id":26,"stateCode":"BG16","stateName":"Shumen","capital":"Shumen","slug":"shumen"},
{"id":355,"country_id":26,"stateCode":"BG17","stateName":"Silistra","capital":"Silistra","slug":"silistra"},
{"id":356,"country_id":26,"stateCode":"BG18","stateName":"Sliven","capital":"Sliven","slug":"sliven"},
{"id":357,"country_id":26,"stateCode":"BG19","stateName":"Smolyan","capital":"Smolyan","slug":"smolyan"},
{"id":358,"country_id":26,"stateCode":"BG20","stateName":"Sofia City","capital":"Sofia","slug":"sofia-city"},
{"id":359,"country_id":26,"stateCode":"BG21","stateName":"Sofia Province","capital":"Sofia","slug":"sofia-province"},
{"id":360,"country_id":26,"stateCode":"BG22","stateName":"Stara Zagora","capital":"Stara Zagora","slug":"stara-zagora"},
{"id":361,"country_id":26,"stateCode":"BG23","stateName":"Targovishte","capital":"Targovishte","slug":"targovishte"},
{"id":362,"country_id":26,"stateCode":"BG24","stateName":"Varna","capital":"Varna","slug":"varna"},
{"id":363,"country_id":26,"stateCode":"BG25","stateName":"Veliko Tarnovo","capital":"Veliko Tarnovo","slug":"veliko-tarnovo"},
{"id":364,"country_id":26,"stateCode":"BG26","stateName":"Vidin","capital":"Vidin","slug":"vidin"},
{"id":365,"country_id":26,"stateCode":"BG27","stateName":"Vratsa","capital":"Vratsa","slug":"vratsa"},
{"id":366,"country_id":26,"stateCode":"BG28","stateName":"Yambol","capital":"Yambol","slug":"yambol"},


]

